text,id,label
"rt @USER @USER geral magrelo , s√≥ feiao na foto ... mas o incr√≠vel √© que a tropa j√° fazia sucesso :rosto_contente_com_olhos_sorridentes:",offensive,1
mere√ßo minha irm√£ falando que virou viado kk,hateSpeech,2
Advogados do mÁÖ§sico fuzilado pelo exËåÖrcito pedem indenizaËéΩËå´o na JustiËéΩa Federal . A famÈìÜlia afirmou que as autoridades nunca prestaram nenhuma assistÈîöncia aos envolvidos . Sogro tb foi ferido na aËéΩËå´o HTTPURL #80Tiros HTTPURL,neutral,0
passo mal com essas meninas het√©ros com essa s√≠ndrome de quererem ser a super hero√≠na das gays a deusa o √≠cone e tudo isso pq gay da palco pra tudo menos pro que deve dar HTTPURL,hateSpeech,2
@USER vis a vis porra !,offensive,1
rt @USER @USER @USER vc t√° virando viado e fraco kkkkkkkkkk isso sim,hateSpeech,2
"@USER vira o disco deputado , fale sobre algo √∫til pra o pa√≠s em vez de s√≥ criticar o governo , ngm aguenta mais esse mimimi de vcs",offensive,1
rt @USER na puta q pariu HTTPURL,offensive,1
@USER @USER @USER tu tava estorvando feio de juliet tomando energetico da garrafa,neutral,0
se o bts ganhar a porra de um premio nobel vai aparecer anti falando que √© irrelevante,neutral,0
"√â o menino ontem que tava mal , tava falando que tava conversando com o amigo dele "" roger "" que estava do lado dele kkkkkkkkkkkkk mais n√£o tinha ningu√©m do lado dele , T√¥ rindo mais t√¥ preocupada :rolando_no_ch√£o_de_rir: :rolando_no_ch√£o_de_rir: :cabe√ßa_explodindo:",neutral,0
"fui ouvir drag me down , chorei saudades",neutral,0
peguei meu irm√£o no pulo cantando blackpink muito viadinho sim,hateSpeech,2
". Vai se Despedindo Pessoal . . Um asteroide gigante de aproximadamente 570 metros de di√¢metros se aproximar√° do nosso planeta no dia 10 de agosto , segundo a NASA . . HTTPURL",neutral,0
"queria ficar magrinho , ser gordo √© ruim :(",neutral,0
paga de bandido nas redes sociais mas caga pra pegar um fuzil na hora de ver quem √© quem . vtnc filha da puta :rosto_furioso: :rosto_furioso: :rosto_furioso:,offensive,1
@USER Ao inv√©s de verde e amarelo dever√≠amos sair vestidos de negro como em 1963 ! Um aviso de que nossa paci√™ncia chegou ao fim #STFVergonhaNacional,hateSpeech,2
@USER mas e o pretinho ?,hateSpeech,2
Lembram dela ? Ela pode ir pra Fazenda 11 e eu j√° quero ! @USER @USER Sheyla ficou conhecida internacionalmente ap√≥s ter mais de 5 litros de silicone em cada seio e ter os maiores seios do mundo . Sheyla √© sincera e tem personalidade forte . Seria demais ela na farm HTTPURL,hateSpeech,2
sapatella nËå´o para de me mandar e-mail com promoËéΩÁé´es entendam eu nËå´o tenho um puto,neutral,0
"O povo brasileiro tem o dever de se levantar contra esse vergonhoso @USER . Esses Ministros est√£o agindo como ditadores . N√£o podemos aceitar isso . Espelhemo-nos nos peruanos e ajamos pra tirarmos Ministros como Tofolli , Gilmar Mendes , Moraes que est√£o sujando o STF .",neutral,0
"eu denuncio todos lomotif que a mina mostra mais do q devia , nao goxto ? ? ? vai pro xvideos kkkkkkkkkkkk",hateSpeech,2
"@USER amigo , viado e sapat√£o tem legitimidade pra chamar de viado os viado e sapat√£o . √© isso . kkkkkkkkkkkkkkkk",hateSpeech,2
"ËÑ° curioso isso mas em espanhol , meio errado mas nËåÖ , eles se referem as vezes a brasileiro como carioca , assim como aqui no Brasil nos referimos a argentino como portenho ( e portenho ËåÖ sË¥∏ Buenos Aires ) .",hateSpeech,2
primeira vez na vida que vejo uma leoa com sotaque carioca ‚òª,hateSpeech,2
"vagabundo s√≥ da valor quando a mina √© fdp , quando a mina ta tranquila eles que montar kkk tem tudo que ser corno mesmo :rosto_risonho_com_gota_de_suor: :rosto_chorando_de_rir:",offensive,1
"@USER sei l√° aidan e ela n√£o combinavam , parece que ela queria sofrer mesmo indo atr√°s do big mas acho que os dois se amavam de vdd . fora que o big apesar de escroto putsss rico e extremamente m * mavel",offensive,1
"vou me afogar do lado desse nego , que issoooooo",hateSpeech,2
odeio gente ( homem principalmente ) mais velha que fica for√ßando simpatia cm a gente,neutral,0
vai dar tudo certo,neutral,0
kkkkkkkkk eu amo esse viado mano :cora√ß√£o_vermelho: :cora√ß√£o_vermelho: :cora√ß√£o_vermelho: :cora√ß√£o_vermelho:,neutral,0
porra q sust√£o da pirra fdp,offensive,1
desculpa o caralho vai se fude,offensive,1
amiga voc√™ tem que aceitar que antes de ele pintar o cabelo de preto ele estava precisando de produtos jequiti,neutral,0
rt @USER odeio quem muda perto dos amiguinhos :rosto_com_olhos_revirados: vsf mano,offensive,1
"P√©rola do Andr√© Trigueiro , agora no Est√∫dio I GloboNews : ‚Äú a Amaz√¥nia √© dos brasileiros , n√£o √© do governo brasileiro ‚Äù . Que decad√™ncia . E ainda critica Bolsonaro pela demiss√£o do petista do INPE ...",neutral,0
retiro tudo oq eu disse de bom do meu pai ontem :rosto_bizarro: :polegar_para_cima:,neutral,0
ËåÖ muito bom ser fa da taylor e nËå´o ser gay insuportavel que acha que a taylor sË¥∏ devia fazer secret session exclusivamente pra ELE jkkkkkkkkkj toma no cu moËéΩo,hateSpeech,2
q pregui√ßa desgracada,neutral,0
@USER okay ela tem 9cm a mais que eu entËå´o eu quero 40kg agora,hateSpeech,2
aquele m√©dico babaca de vis a vis √© um filho da puta mano q √≥dio,offensive,1
minha tia ligando p minha prima q disse q ia chegar em cs 2:00 e ta ate agora na rua : CADE VOCE SUA FILHA DA PUTA PARECE QUE GOSTA DE ME IRRITAR,offensive,1
"que gostoso falar com o gabriel , tava com mt sdds desse puto",neutral,0
@USER se o bandido e covarde ustra tivesse vivo com certeza seria nomeado para esta comiss√£o .,offensive,1
"@USER que trem limpo , com certeza n√£o √© no rio de janeiro hahaha",hateSpeech,2
"@USER mas √© verdade , cu . era o nick do cara ! ! !",offensive,1
"na moral , sol a semana todaaaaa , a√≠ chega na minha folga o tempo fica esse cu , a√≠ q odio",offensive,1
"poste uma foto de vc , 1 utt e 2 dois bias e deixem seus mutuals dizerem com quem eles shippam mais vc vou colocar meus 3 bias wreckers kk eu apago depois HTTPURL",neutral,0
rt @USER ser o mais feio e chato em todos os seus grupos de amigos √© essencial HTTPURL,neutral,0
"@USER acho a maior idiotice ... eu gosto de narra√ß√£o , de ver a discri√ß√£o dos acontecimentos , das situa√ß√µes , das emo√ß√µes das personagens , n√£o ficar vendo print de conversa de wpp . que merda de literatura",offensive,1
rt @USER chorando vendo filme de sapatao sonhando com um dia que eu vou ter um romance clich√™,hateSpeech,2
"Se meu cabelo estiver bonito e minha sobrancelha estiver feitinha , eu me sinto maravilhosa , mas tbm s√≥ por alguns minutos :rosto_risonho_com_gota_de_suor:",neutral,0
ameeeeeeei puta que pariu kskskkskkkkkkkkkkkkkkkkkk muito √≠cone,offensive,1
"A felicidade em ver a pessoa que alegra nossos dias nesse lugar , ajuda e lembra de todos n√≥s a todo os momento , feliz e grato , n√£o tem pre√ßo :cora√ß√£o_vermelho: Esse homem √© um exemplo de for√ßa , simpatia , alegria e humildade HTTPURL",neutral,0
"@USER ai fazendo campanha juntos , esmurrando ele no twitter , os dois calando a boca de rep√≥rter fudido que tentasse sexualizar a lauren , ela enaltecendo o macho maravilhoso que ele √© nas entrevistas , photoshoot de casal matando os bi , consigo imaginar tudo isso ...",offensive,1
"Conhece jËåÖssikinha do MaceiË¥∏ da onde ? JË∞© ficaram ? Èà• ÔøΩ Conheci atravËåÖs do meu primo thiago , NUNCA ficamos ! Tenha senso È¶ÉÊßñ HTTPURL",hateSpeech,2
portugal caralho sssuuuuuuuuuuuuuuuuuuuuuuuuuuuuuuu,offensive,1
@USER voc√™ √© rid√≠cula jaburu #mpn #nowunited #uniters,offensive,1
"O Crystal Palace se juntou ao Burnley e ao West Ham United na tentativa de contratar o defensor Gary Cahill , de 33 anos , que est√° livre ap√≥s deixar o Chelsea . ( Daily Mail ) HTTPURL",neutral,0
pq que o sul ainda faz parte do brasil ? ?,hateSpeech,2
a√≠ cala a boca porra,offensive,1
satisfa√ß√£o da porra quando o django mete o cassete nos brancos .,hateSpeech,2
ent√£o assim eu respiro conto at√© 1000 e continuo todo dia tentando enfiar na minha cabe√ßa que ok t√° tudo bem vamo l√° vc sai dessa porra,neutral,0
@USER o veado t√° a√≠ ou no hospital ?,hateSpeech,2
vai tomar no cu t√¥ me segurando para n√£o chorar krl merda,offensive,1
@USER ele tem bicha,hateSpeech,2
se algu√©m me contasse que a Sheherazade preocupada com o conforto emocional de bandido √© a mulher que ficou famosa porque acha compreens√≠vel amarrar bandido no poste eu n√£o acreditaria,hateSpeech,2
vieram uns amigos da minha tia na casa da minha vË¥∏ fazer trabalho e acharam q eu era a namorada do amigo dela ? ? ?,neutral,0
@USER suporte feio ! peixe podre . janna maior,offensive,1
"@USER vrdd kkk to fora disso , bate√ß√£o de cabe√ßa deixo pra elas , eu quero √© paz rss",hateSpeech,2
rt @USER apagou meu nÁÖ§mero e bloqueio no insta agora posso dizer q fui o negË¥∏cio doido na vida de alguËåÖm,neutral,0
rt @USER buceta pra q se n tem #ele pra chupar,offensive,1
"rt @USER @USER garota , pode assumir que sou a alegria das suas manh√£s",neutral,0
@USER @USER @USER vou ver amanh√£ : v finalmente um vagabundo tem dinheiro pra alguma coisa,offensive,1
"uma coisa eu j√° ouvi de um amigo meu nunca tenha ingratid√£o com quem j√° te fortaleceu . essa √© que √© a verdade , verme n√£o deixa saudade !",neutral,0
"Eu s√≥ queria ter amigos de vdd , que eu poderia contar as coisas sem ser julgada , algu√©m que n√£o seja babaca comigo . Pq √∫ltimamente eu s√≥ me envolvo com gente t√≥xica HTTPURL",neutral,0
@USER n√£o teve . semana q vem @USER falou q rola :),neutral,0
@USER Pessoal da bancada FOX vcs de fato s√£o mto . Dois os mesmos ... minha opini√£o ... tamb√©m descansados alguns para esse confronto com o Bahia ... forte abra√ßo a todos ... Obs : Benja ... vc √© mto doido ... tamo junto !,neutral,0
cara fdp :rosto_zangado: :rosto_zangado: :rosto_zangado: matou garota de 6 muito bolado com isso :rosto_zangado: :rosto_zangado: :rosto_zangado: vai morrer l√° dentro fdp :rosto_zangado: :rosto_zangado: :rosto_zangado:,offensive,1
"@USER @USER sdds , viado . vamo marcar de beber e f1 qualquer dia as",hateSpeech,2
"‚Äú nada √© obrigado , tudo √© sugerido ‚Äù acabei de escutar isso e vou levar pro resto da vida",neutral,0
"@USER kkjskakkkkkkkkkkkkkk po , do mesmo jeito melhoras pro teu amigo",neutral,0
@USER falta muito pouco pro # 1 garota,neutral,0
negativo ! viado fica !,hateSpeech,2
rt @USER caralho so gra√ßa ontem,offensive,1
@USER e desde quando ele tem pau,neutral,0
"desnecess√°rio , vou √© nos dois e nem fico zuando",neutral,0
"√© muito bom quando um amigo conquista alguma coisa , puta merda to muito feliz",neutral,0
maior verdade,offensive,1
to todo fudido :rosto_perseverante:,offensive,1
"meu pai t√° um temp√£o chamando a lu√≠sa e nada dela olhar , ele falou "" tchau "" mas a menina deu um pulo do colo da minha m√£e q porra :rolando_no_ch√£o_de_rir:",neutral,0
"rt @USER v√™ legal , da um close :trof√©u: :locomotiva: :rapidez: clipe completo : HTTPURL HTTPURL",neutral,0
@USER @USER @USER ent√£o porque ainda est√° aqui respondendo √†s bolsominions ? kkkkkkkkkkkkkkkkk HTTPURL,offensive,1
otavio qnd manda audio parece que ta brigando kkkkkk sotaque carioca eh foda,hateSpeech,2
"antigamente eu tinha dinheiro p incomodar , hj em dia tenho nada e essas grts n√£o me esquece porra",hateSpeech,2
luiz viado dms meeeee,hateSpeech,2
"@USER EXATAMENTE ! √© assim mesmo que agem , pode ver que em toda discuss√£o entre um sulista com um paulista / carioca / mineiro eles sempre apelam pra isso e s√£o 100 % homofobicos , infelizmente grande parte acha que s√≥ racismo √© grave e deve ser considerado",hateSpeech,2
muito orgulhosa de mim mesma almo√ßando comida todos os dias,neutral,0
"rt @USER pretinha √© m√≥ esperta querendo q eu busco ela na raia , ta chovendo pra crc",hateSpeech,2
"ja passou um ano ? ? ahh foi t√£o r√°pido , t√£o r√°pido como eu me apaixonei por voc√™s , amor a primeira vista , amor por essas princesinhas que roubaram meu cora√ß√£o ! Eu amo voc√™s demais e quero passar mais 1000 anos com voc√™s , minhas vidas ! :erva: :dois_cora√ß√µes: :rapidez: ~ ^ __ ^ [ #1YearWithNATURE ] HTTPURL",neutral,0
sera que um dia eu vou achar um livro que tome o lugar de eu te darei o sol na minha vida ? jamais,neutral,0
caralho hj √© o cl aaaa finalmente,offensive,1
eu odeio ignor√¢ncia e ego√≠smo vai tomar no cu,offensive,1
"Quero saber onde que o Twitter t√° enfiando as notifica√ß√µes q n√£o t√° aparecendo Os outros comenta meus bagulhos aqui e se eu n√£o olhar no perfil , eu n√£o vejo . Mere√ßo :rosto_com_olhos_revirados:",neutral,0
"ano que vem o pau quebra , meta ser o 01",neutral,0
"@USER kkkkk da em nada pretinho , tmjÈ¶ÉÊåÜ",hateSpeech,2
revoltante .,neutral,0
"O problema de algumas pessoas de vacaria √© o complexo de superioridade , porra , cidade pequena onde todos podiam conviver e ter uma comunh√£o massa e se darem bem , mas n√£o , querem se achar mais que os outros , as vezes sinto falta da minha cidade onde n√£o tinha um ter√ßo",hateSpeech,2
"@USER ahh viado , me poupe √© mto pipipipopopo da sua parte . kkkkk",hateSpeech,2
"rt @USER @USER hiii tem babado nao ruiva e se for o caso de viado gladiadora , amor pode mandar msg pq voce tbm tem uma linda bÈà• ÔøΩ",hateSpeech,2
"rt @USER n√£o tenta mudar piranha , piranha n√£o muda",hateSpeech,2
"@USER ainda bem que vc n √© de curitiba , se n teria que t√° andando de regata e reclamando do calor .",hateSpeech,2
isso √© desesperador !,neutral,0
"@USER Coe cr , sei que n√£o tenho nada haver cm sua vida , mas para de dar Ibope , nego gosta disso , quanto mais tu render assunto , mas elas v√£o t√° achando que tu t√° se importando e mais vao falar , manda essas porra procurar uma calcinha pra lavar , vive sua vida cr , voc√™ merece .",hateSpeech,2
sdd de beber com os amigos que eu gosto,neutral,0
"@USER grt tu √© forte pra crc , desanima n√£o . haver√° dias ruins e haver√° dias bons ! t√¥ aqui , se quiser conversar me chama . te amo macaca :rosto_sorridente_com_olhos_de_cora√ß√£o:",hateSpeech,2
rt @USER nem sei por onde come√ßar .. HTTPURL,neutral,0
"s√≥ queria conhecer algu√©m que n√£o conhece o hetero de taubat√© e nem as meninas , t√° foda pqp",hateSpeech,2
"@USER Se vocÈîö estiver gripada , pode ser por causa da gripe tbm . O meu ficou assim tambËåÖm , tomei uns 4 remËåÖdios e melhorou mas da uma agonia do caralho È¶ÉÂèûÈîîÂø¶ÁÑªÂ∏ÆÁ¨çÈ¶ÉÂèûÈîîÂø¶ÁÑªÂ∏ÆÁ¨çÈ¶ÉÂèûÈîîÂø¶ÁÑªÂ∏ÆÁ¨ç",neutral,0
@USER que deus aben√ßoe essa nova caminhada meu amigo .,neutral,0
rt @USER puts sou t√£o boiola por sope que nem sei HTTPURL,hateSpeech,2
algu√©m me ajuda a convencer o merda do boehl ir no baile hj kkkkk guri chato da porra,offensive,1
"@USER ou seja , ele s√≥ est√° ouvindo os anseios da popula√ß√£o . n√£o sei pq reclamam tanto . :rolando_no_ch√£o_de_rir:",neutral,0
cachorro de baiano :,hateSpeech,2
@USER vsf fdp,offensive,1
rt @USER @USER rio grande s√£o ! ! !,neutral,0
viado quer ver q essa porra vai dar uns 100 fv kkkkkkkkkkkkkk parei,hateSpeech,2
"Ningu√©m representa melhor a classe m√©dia branca , racista e hip√≥crita brasileira do que Deltan e Moro . Por fora civilidade e boas maneiras . Na vida real extors√£o , maldade e mesquinharia . Tudo por conta do √≥dio ao pr√≥prio povo !",neutral,0
puta un√£o e pairu vekho tenho que almocar mas kaondq nessas conficoes,offensive,1
@USER tem conseguido gra√ßas a dizer mal do clube .,neutral,0
"@USER @USER @USER O que vc acha dessa capa da Isto√â essa semana , acho que seu pai deveria enfiar a l√≠ngua no rabo HTTPURL",offensive,1
@USER olha o zap,neutral,0
@USER qual o problema de ser chamado de viado em lycosa,hateSpeech,2
hoje eu t√¥ excepcionalmente feia,neutral,0
@USER pra que essa cara de viado,hateSpeech,2
fala s√©rio essa menina √© totalmente perfeita sem defeitos :cora√ß√£o_crescendo: :dois_cora√ß√µes: :cora√ß√£o_crescendo:,neutral,0
clube das pessoas que saem pra comprar 1 coisa e voltam com monte de treco menos a coisa,neutral,0
que mulher perfeita pqp,offensive,1
s√≥ mais um brasil vamo porra,neutral,0
@USER carioca √© dram√°tico demais ... :rosto_chorando_de_rir: :rosto_chorando_de_rir: :rosto_chorando_de_rir: HTTPURL,hateSpeech,2
@USER gosta muito de uma motoca ! ! ! kkkkkk maneirinha viado,hateSpeech,2
"parece que as pessoas esquecem que a mesma sede que d√° no boi , d√° na vaca .",neutral,0
"e como ela gosta de uma √°gua quente ... @USER vargem grande paulista , brazil HTTPURL",hateSpeech,2
"ainda no 7 ¬∞ passo , relembrem a maneira RID√çCULA com que abordaram ele , sem medo de parecer idiota , s√≥ vai . isso faz ele rir e ficar boiolinha tamb√©m HTTPURL",hateSpeech,2
eu : a meus amigos : troco a ferradura pra ir amanh√£ ? bando de viado :rosto_chorando_de_rir: :rosto_chorando_de_rir: :rosto_chorando_de_rir:,hateSpeech,2
um stf que tem lado ? #stfvergonhanacional HTTPURL,neutral,0
@USER que pergunta :rosto_chorando_de_rir:,hateSpeech,2
carioca s√≥ passa vergonha na net,hateSpeech,2
ainda por cima √© uma tremenda gata pra piorar minha situa√ß√£o . se fosse mulher feia tava tudo certo mulher bonita mexe com meu cora√ß√£o :cora√ß√£o_vermelho:,hateSpeech,2
"lembrei agora que me apaixonei pela puta uahsushsushua gente , maravilhosa",hateSpeech,2
@USER @USER kkkkkk mano que gato malandro,neutral,0
"rt @USER amiga , tem uma garota que parece sapatao . olhe discretamente eu : HTTPURL",hateSpeech,2
@USER @USER ‚Äò kkkkkkkkkkkkkkkkkkkkkkkkkkkkkkkk vsf,offensive,1
"mate , brownie , hamburgers , deboche , risadas , conversas do cora√ß√£o ... eu amo essas baitola v√©a ! ! HTTPURL",hateSpeech,2
@USER para de falar merda desgra√ßado n me fa√ßa ir a√≠ pra te bater,offensive,1
rt @USER @USER com certeza :naipe_de_copas:,neutral,0
"PDT cumprindo a sua obriga√ß√£o com a Rep√∫blica ! Conseguimos uma liminar na Justi√ßa , numa a√ß√£o de nossa iniciativa , proibindo S√©rgio Moro de praticar a suprema arbitrariedade de destruir provas que amanh√£ possam eventualmente demonstrar a sua responsabilidade em poss√≠veis crimes . HTTPURL",neutral,0
t√¥ desde madrugada sem internet e o pessoal aqui j√° volta que tem oi tb q odio,neutral,0
"eu queria dar bom dia , bom dia eu n√£o posso dar ja passou do meio dia vai tomar no cu pra l√° .",offensive,1
rt @USER minha vida resumida em um tweet HTTPURL,neutral,0
"@USER vei sulista chato √© de inteiror sabe , o sotaque do sul √© praticamente so nas capitais",hateSpeech,2
"@USER pra vcs verem , a direita s√≥ representa o atraso . n√£o sei como foi q o pt deixou o brasil cair nas patas dessa gentinha .",offensive,1
@USER sabe ser linda a bixa,hateSpeech,2
"todo mundo quer sinceridade , mas nem todo mundo aguenta ouvir a verdade .",neutral,0
porra hj eu n botei o p√© na rua t√©dio √© o nome,offensive,1
"feia com for√ßa ‚Äî morde a cara , m√¥ ! ! :rosto_com_olhos_semicerrados_e_l√≠ngua_para_fora: HTTPURL",offensive,1
@USER indo p onde,offensive,1
rt @USER crian√ßas que dan√ßam infinitamente mais que qualquer sulista HTTPURL,hateSpeech,2
rt @USER o menino na br ontem kkkkkkkkkkkkkk eu disse q ele era biba @USER HTTPURL,hateSpeech,2
@USER kkkkk cara tem que ser muito burro pra acreditar q isso est√° relacionado a atos do governo federal,offensive,1
marielle franco pode virar nome de avenida em caruaru HTTPURL HTTPURL,hateSpeech,2
rt @USER explana que √© hoje porra #gameover,offensive,1
n√£o acredito em uma √∫nica atitude de @USER tudo fruta podre :rosto_furioso:,offensive,1
"eu amo cavaleiros do zodiaco , sem base viado",hateSpeech,2
"sou feio msm , sou gordo msm e pau no cu de quem acha alguma coisa",offensive,1
"@USER @USER @USER nasceu em s√£o paulo √© ga√∫cha ou catarinense , carioca , mim tanto faz .",hateSpeech,2
"to cansada pra caralho de esperar muito dos outros , n√£o √© nem sobre criar expectativa , √© sobre querer ta junto , ter responsabilidade sob aquilo que voc√™ diz pra outra pessoa . sei l√° ...",offensive,1
esse veneno de pernilongo t fazendo mal ate p mim e os danado tao aq bem de boa,neutral,0
√© foda demais quando vc abre os olhos e enxerga coisas que porra j√° estavam na sua cara a s√©culos !,offensive,1
Gastar mais de 5 paus todas as semanas para comprar cigarros :rosto_sorridente_com_olhos_de_cora√ß√£o: :fogo: :sinal_de_ok: :pele_morena_escura: :sinal_de_ok: :pele_morena_escura: :sinal_de_ok: :pele_morena_escura: :rosto_aliviado: :cem_pontos: :cem_pontos: :marca_de_sele√ß√£o_branca: :marca_de_sele√ß√£o_branca: Gastar 2 euros num cinzeiro port√°til que d√° para uma vida : :rosto_perplexo: :rosto_perseverante: :xis: :xis: :xis: :bot√£o_sos: :entrada_proibida: no way HTTPURL,neutral,0
deus me da for√ßa de vontade pra escrever as reda√ß√£o atrasada :rosto_perseverante:,neutral,0
@USER eu gostei mais dessa vers√£o de boyfriend com a sample de thank u next do que da original kkkk,neutral,0
Ignorei o crush uma vez e ontem bateu aquela car√™ncia fui chamar ele pra conversar . E ele agiu assim : Humilhado com sucesso . HTTPURL,neutral,0
"rt @USER eu ri muito de culpa , n√£o acredito que acordei minha bixinha :/ HTTPURL",hateSpeech,2
@USER ou ser viado e jogar shades nos clientes,hateSpeech,2
@USER Essa emissora governista n√£o aprende . Associa√ßao de advogados de direita n√£o mandam na OAB . A elei√ßao de Presidente da OAB e voto direto das seccionais.Deviam ser menos chapa branca e fazer jornalismo .,neutral,0
"@USER vc s√≥ manda figurinha chata , que me irrita , √≥bvio que eu vou ficar putinha kkkkkk eu ein",neutral,0
rt @USER e o lucas q ficou abismado de n√£o ter √°rea de telefone no s√≠tio ? ahahsjsjs pqp carioca mora em outra mundo msm,hateSpeech,2
"a camisa n√£o √© feia , mas que puta pregui√ßa do caralho da adidas viu , parece camisa de comiss√£o t√©cnica",neutral,0
"quanto mais eu evito pensar no desgra√ßado mais eu sonho com ele , todo dia eu sonho com a mesma pessoa eu n√£o aguento mais",neutral,0
@USER sacana kkkkkkk,hateSpeech,2
@USER sem coment√°rios ! ! ! HTTPURL,neutral,0
@USER porra me d√° seu nariz,offensive,1
√¥ judia√ß√£o,neutral,0
minha tia sulista n√£o mandou foto de gelo at√© agora algo est√° errado,hateSpeech,2
"acho t√£o feio mulher q surta por qualquer coisa , que sai pros lugares e fica emburrada atoa :pessoa_decepcionada: :pele_clara: ‚Äç :s√≠mbolo_de_feminino:",hateSpeech,2
"caralho , o n√≠vel dos detalhes , mt foda , passei a seguir",neutral,0
@USER indios se acham mais que todos certo fez o ministro,hateSpeech,2
"[ au ! chensung ] ¬ª aonde jisung , um dos meninos mais populares da escola resolve chamar chenle , o aluno novo da sua sala para andar com voc√™ e seu grupinho . HTTPURL",hateSpeech,2
"@USER @USER se √© de fora , logo n√£o √© cria",neutral,0
"@USER @USER "" eu nao nasci pra ser sapat√£o "" kkkl",hateSpeech,2
"@USER eu j√° tava aqui "" caralho mano conseguiram at√© inflacionar o corote """,offensive,1
rt @USER ai sou muito gay por ela HTTPURL,hateSpeech,2
"@USER bem feito msm , pretinho sob medida",hateSpeech,2
"@USER porra , passamos mau kkkkkk",neutral,0
o 12 consegue ser lotado at√© no s√°bado puta merda,offensive,1
@USER simmmmm pqp,neutral,0
a√≠ falei pra ela minha filha meu cachorro tava de boa at√© que o seu chegou q nem um louco aqui brigando com o meu segura teu cachorro porra,offensive,1
@USER sim ? ? kkkk t√° parecendo o mc pedrinho gordo kk,offensive,1
"Haja ao contr√°rio - ao inv√©s de maldizer ou falar negativamente sobre algu√©m , diga algo gentil , positivo , encorajador e edificante acerca dele . Quebre o ciclo vicioso do mal .",neutral,0
"@USER Kkkkkkkkkk mo tu acredita q eu ja pensei isso ? ? ? "" serase a soulmate dela fica com ci√∫mes ? "" e eu tbm gosto de voc√™s duas , fico soft vendo as intera√ß√µes de voc√™s",neutral,0
@USER @USER Mas ai no caso vc ta falando soh de repercussao ne ? Pq tem uma pa de jogador q o Palmeiras ja contratou q eh mrlhor q o Borja,neutral,0
eu tava pensando nela e ela me mandou msg kwhdidhekd to muito boiola HTTPURL,hateSpeech,2
rt @USER fica puto nn urubuzinho os alem√£o tamb√©m gosta de ouvir mc poze .. HTTPURL,hateSpeech,2
rt @USER @USER @USER ser sulista e odiar sulista eh repara√ß√£o hist√≥rica,hateSpeech,2
"quando as barmy come√ßam a cantar as m√∫sicas num coreano embolado e o bts acha lindo , sensacional , perfeito , brasileiras fluentes em coreano HTTPURL",neutral,0
ela nunca mais vai te encher o caralho do saco por estar jogando e esquecer de mandar mensagem,offensive,1
@USER ‚Ä¢ primeira impress√£o : metida pra carai ‚Ä¢ seu apelido : Taii ‚Ä¢ proximidade : 90 % ‚Ä¢ uma lembran√ßa : a n√£o sei kk ‚Ä¢ eu gosto de voc√™ : amoo ‚Ä¢ pra ser honesto : temos que sair,neutral,0
"quando minha m√£e me chama , mas s√≥ pra mostrar pra amiga dela que j√° t√¥ grande eu : HTTPURL",neutral,0
"depois dizem que sou maluca por n andar de uber sozinha , √© mt perigoso deus me livre",neutral,0
@USER kkkkkkkkkkkkkkkkkkk tu √© maldito mlk,offensive,1
"sulista : oi voc√™s : is this nazismo , homofobia , preconceito , racismo , machismo ? ? ¬ø ? ¬ø ? ¬ø ¬ø ? ?",hateSpeech,2
"@USER hahahahah jornalixo inventativo preocupado com conta no twitter , devia se preocupar em fugir jaj√° a pf bate na tua porta hahaha",offensive,1
@USER velho corretor fdp,neutral,0
"@USER nossa me chamou ate de anna , ai mo ate eu fiquei sem panos dessa vez HTTPURL",neutral,0
@USER saudade bixa,hateSpeech,2
@USER @USER maldade nazista que bolsonaro quer fazer isto com a gente nojento √© um lixo Satan√°s que ele √© crente da assembleia de deus.nojento assassino fora bolsonaro impeachment dele tirar bolsonaro do poder ele √© um assassino dem√¥nio diabo est√° errado fazer isto com povo .,offensive,1
rt @USER n√£o vi feministas e nem a imprensa sair em defesa da advogada HTTPURL,hateSpeech,2
"minha manicure quer me empurrar essas unhas de traveco d qualquer forma , n√£o entende que eu n gosto viadoooo",hateSpeech,2
@USER √© viado .,hateSpeech,2
@USER @USER turn gringo into gringa,hateSpeech,2
@USER principalmente pedir uma coisa que √© sua pqp da uma raiva n√© afff,neutral,0
@USER vou te fuder em,offensive,1
@USER @USER @USER @USER @USER @USER @USER @USER @USER @USER Duvivier vai odiar os baianos @USER dizer q eles s√£o escrotos e paramilitares :rosto_chorando_de_rir: :rosto_chorando_de_rir: :rosto_chorando_de_rir: HTTPURL,hateSpeech,2
"pretinha √© m√≥ esperta querendo q eu busco ela na raia , ta chovendo pra crc",neutral,0
"E num momento bacana como esse , onde o futebol brasileiro resgata v√°rios grandes jogadores da Europa , a gente est√° discutindo qual a melhor contrata√ß√£o entre todas . A m√≠dia esportiva brasileira me d√° nojo . Podiam nos valorizar , mas nos dividem . V√ÉO TOMAR NO CU ! #Brasileir√£o",offensive,1
nossa puta merda hein caralho vai se foder namjoon eu te amo muito,offensive,1
@USER foto da pr√≥pria cara o caralho HTTPURL,offensive,1
obrigado por ser parte da minha vida te amo mt mesmo :cora√ß√£o_vermelho:,neutral,0
rt @USER eitaaa pqp hariany na vamos HTTPURL,offensive,1
"finalmente brasil virou esse jogo , pqp",offensive,1
"nunca pensei q eu iria criar um √≥dio t√£o grande por essa garota , puta que pariu ...",hateSpeech,2
rt @USER a mara no final pqp que jog√£o meus amigos HTTPURL,offensive,1
@USER t√° com inveja ela com certeza pode sem roubalheira,neutral,0
"meu deus pq eu fiquei c ouvido na caixa de som caralho , ouvido t√° s√≥ zunindo q merda",offensive,1
dormi pra caralho kkkkkkkkk soninho gostoooooso,offensive,1
"@USER enfim , raquel dodge ! assim j√° vai poder sair da pgr menos c g da .",neutral,0
"@USER bicha , se esse cara n√£o se ligar pra essas diretas √© muito lerdo mesmo . at√© eu botaria",hateSpeech,2
"lidar com mulher n√£o √© f√°cil , por√©m amo kkkk",hateSpeech,2
rt @USER mais de boa que pai de menina feia,hateSpeech,2
@USER sabe que se ficar feio vou zoar n√© kkkkkkkkk,offensive,1
s√≥ queria ver filme o dia inteiro hoje mas o caralho do wifi n t√° pegando q vida de corno,offensive,1
@USER por isso mulher bonita √© feliz com homem feio ... oi to solteiro kkkkkk,hateSpeech,2
"moscas mm me d√£o raiva porra , animal mais chato do mundo",offensive,1
"n√£o sei como tem gente que consegue ver naturalidade no felipe neto , caralho ... ele fala coisas √≥bvias pra ganhar biscoito . sempre foi um ot√°rio ! ah , me poupem .",offensive,1
"porra , vai tomar no cu brasil caralho",offensive,1
amassa esse filho da puta,offensive,1
"@USER @USER Esse palha√ßo fala em constitui√ß√£o federal , o pr√≥prio stf est√° limpando a bunda com a constitui√ß√£o ... #STFVergonhaNascional",offensive,1
@USER @USER boiola @USER,hateSpeech,2
"uh ... destrui√ß√£o , legal . HTTPURL",neutral,0
"falar q se mataria ? ? ? caralho garota doente da porra , sem no√ß√£o nenhuma",offensive,1
"rt @USER esses menor que t√£o vindo agora , t√£o mais embalados do que presente pqp kkkk",offensive,1
@USER mano que escroto pqp,offensive,1
@USER @USER rush b p90 manito sopa do macaco uma delicia,hateSpeech,2
as praga come√ßa chega na loja bem na hora de ir embora vai toma no cu mano povo nao se toca :dedo_do_meio:,offensive,1
@USER caralho q coisa mais linda ok mo√ßo quando q lan√ßa os pr√≥ximos epis√≥dios,offensive,1
rt @USER real e oficial HTTPURL,neutral,0
a√≠ deus kkkkkkkkk eu amo um viado,hateSpeech,2
"bicha t√° chorando no pr√© ol√≠mpico , imagina nas olimp√≠adas ?",hateSpeech,2
"me toquei agr q eu e o enzo estamos fazendo 2 anos e 3 meses de namoro hoje , √© coisa pra caralho n√© pqp",neutral,0
@USER @USER conhece o paulista ?,hateSpeech,2
"saudade de olhar no espelho e pensar "" caralho to mto gato """,offensive,1
@USER grande china ! v√° com deus !,hateSpeech,2
"@USER Vc √© muito cara de pau , escreve o que quer e quer que acreditemos . N√£o sei em que mundo vive , mas n√£o √© o Brasil ! Lembrando que sua safadeza em come√ßar a mandar embora quem n√£o diz o que quer est√° p√©ssimo . N√£o duvide , da intelig√™ncia do povo brasileiro ! #bolsonarobandido",offensive,1
@USER ele tbm me deixa puto,neutral,0
depois a gente ainda √© errado por odiar sulista,hateSpeech,2
"porra , relembrar os tempos do ask √© pedir pra me deixar triste . tanta galera massa que conheci e perdi o contato , infelizmente .",offensive,1
"to nervosa , muito nervosa pqp",offensive,1
"@USER iiiih , qm foi esse ridiculo invejoso",offensive,1
ela √© de sp o que sulista tem a ver ?,hateSpeech,2
rt @USER caralho 5 meses pra acabar o ano ja kk vai de leve 2019 vc ta muito bom pra acabar,neutral,0
rt @USER @USER esse nego ta numa balaca nunca antes vista :rolando_no_ch√£o_de_rir: :rolando_no_ch√£o_de_rir: :rolando_no_ch√£o_de_rir:,hateSpeech,2
to puto s√≥ queria ter ido jogar em realeza,neutral,0
@USER amanh√£ √© surf porra,offensive,1
@USER :rolando_no_ch√£o_de_rir: :rolando_no_ch√£o_de_rir: :bomba: :policial: ‚Äç :s√≠mbolo_de_masculino: xadrez no verdinho,hateSpeech,2
@USER caralho tu √© foda kkkkkkkkkkkkk,offensive,1
mano vsf to ansioso pa essa porra eu nem deveria estar assi que q ta acontecendo,offensive,1
"@USER caralho , sai do twitter porra",neutral,0
"Smp q eu ver algm postando bodycheck se chamando de gorda estando com 20 ou 30kg mais magra q eu , eu vo me sentir uma merda Eu n tenho t . a . Eu devo ter inveja de gnt magra e botei na cabe√ßa q tenho ana e mia pra ver se eu emagrecia , mas nem isso funcionou .",neutral,0
sei la voce eh meu xuxuzinho meu cafËåÖ quentinho meu bolinho ana maria voce eh meu prÈìÜncipezinho eu sou simplesmenÈà• ÔøΩ Èà• ÔøΩ isso foi a 17 dias e eu tava tao boiola q nem consegui responder te amo morzi HTTPURL,hateSpeech,2
o que sustenta as empresa de √¥nibus s√£o as sapatao que viaja pra ver a gata,hateSpeech,2
"tem picho exposto l√° no mac governador @USER abafa , fascista n√£o gosta de arte",offensive,1
o √∫nico momento em que eu me permito odiar mulheres,hateSpeech,2
"rt @USER namoral eu odeio o fato de eu n√£o saber fzr amizade , me enturmar e abordar as pessoas eu sou rid√≠cula que merda",neutral,0
"minha vida parece novela mexicana . um dia ainda vou escrever um livro , s√©rio .",hateSpeech,2
"O foda √© essas mina de 16 a 17 que n√£o se valoriza , acha que √© bonito ficar dando pra v√°rios , vai nessa bobinha quando voc√™ tiver com seus 22 25 , ningu√©m vai querer assumir vcs pela fama que voc√™s tem no lugar aonde mora , msm que vcs sejam solteiras vamos se valorizar vcs ainda √©",hateSpeech,2
Vai macho comedor fode gostoso o rabo guloso do meu puto ! Se precisar eu vou estar aqui em baixo vendo de pertinho essa cena maravilhosa ! ! #corno #Cornos #cornomanso #cuckold #cuckolding #gaycuckold #cuckoldgay #macho #puto HTTPURL,offensive,1
hetero ? ‚Äî claro q n√£o HTTPURL,neutral,0
rt @USER esse v√≠deo da thanessa chorando no flor ontem √© uma bobeira cr kkkkkkkkkkkkkkk,hateSpeech,2
@USER pqp eu n mere√ßo uma amg dessa me exaltando o tempo todo :cora√ß√£o_crescendo:,neutral,0
meu amigo saiu nos stories do brega bregoso mexendo o cu e eu t√¥ gritandoooooo,offensive,1
"t√° famosa no krt , crlho , quem te viu q te v√™ , tinha medo de piroc * agr s√≥ pensa em fuder :notas_musicais: :fogo: :roda_gigante:",offensive,1
"@USER @USER @USER M√¥nica , te explico : jornalista n√£o √© investigado por jornalismo , mas por crime . Se a PF t√° investigando ele , √© por conta de crime , t√° ?",neutral,0
"do jeito q √© babaca , merece ficar sozinho mesmo",offensive,1
@USER vai dar tudo certo ÈâÇ„ÇÇÊΩ≥ÈâÇ„ÇÇÊΩ≥,neutral,0
@USER tinha q juntar os √≠ndio e os madeireiro e meter o pau nos donos dessas empresas,offensive,1
rt @USER essa musica arrepia at√© meu cu HTTPURL,offensive,1
"rt @USER @USER @USER dois bissexuais q s√£o taxados de "" feios "" fora do padr√£o coreano metendo o murro nos coreanos apoio",hateSpeech,2
@USER o que fa√ßo para me deliciar nesse pau ?,offensive,1
fui trocar o n√∫mero do whats agora t√¥ sem whats por 8hrs tnc,offensive,1
arrombado do caralho vontade de quebrar o resto da porta na cara dele,offensive,1
perfeita !,neutral,0
"porra , √≥dio",offensive,1
deixar gravado aqui no tt feliz anivers√°rio pra florzinha mais linda do jardim do c√©u @USER :cora√ß√£o_roxo: :flor_de_cerejeira: :cora√ß√£o_roxo: :flor_de_cerejeira:,neutral,0
"a bixa t√° beba essa hora da manh√£ , indignada porque encaminhei meu √°udio pra ela :rosto_chorando_de_rir: te amo sua linda HTTPURL",hateSpeech,2
"@USER "" caraio qq ta coteseno "" HTTPURL",offensive,1
voc√™ me deixa fazer junto com voc√™ ?,neutral,0
rt @USER @USER :rosto_chorando_de_rir: :rosto_chorando_de_rir: :rosto_chorando_de_rir: eu sou a gorda putinha √© corna ..,hateSpeech,2
mano acabei de ver por aleat√≥rio um v√≠deo de uma mulher fazendo o pr√≥prio parto e caralho nem fodendo eu quero uma crian√ßa,neutral,0
"uma suprema corte que mais parece um circo mambembe , com palha√ßo deca√≠dos e sem gra√ßa e o pior de tudo , bandidos . #stfvergonhanacional",offensive,1
"incrivel , o mÈîös iniciou ontem e eu jË∞© estou pobre kkkkkk mas grata e feliz È¶ÉÊåÑ",neutral,0
vai te toma no cu pinguinzada,offensive,1
@USER so vc . imagina eu como estou viado kkkkkkk,hateSpeech,2
"@USER quanta beldade meu pretinho , lindo da desgra√ßa ! ! ! te amo :cora√ß√£o_vermelho:",hateSpeech,2
agora na r√°dio eixo : o cheiro e a flor by sandyal√™ ! HTTPURL,neutral,0
que indetificadaaa,neutral,0
ces tem q entender q NINGUEM quer legaliza√ß√£o do aborto pq acha legal abortar . a legaliza√ß√£o do aborto √© questao de saude publica e nao lazer seus crente chsto do caralho HTTPURL,offensive,1
ok agora outra pergunta importante qual seu m√∫sico mineiro favorito ? ?,neutral,0
esse a√≠ e carioca kkkkk,hateSpeech,2
@USER kakakakakak cade essa lista ? ? ? ai as gringas viu pqp,hateSpeech,2
caralho que enjoo,offensive,1
"rt @USER picpay projeto.salvacao . para cada r $ 500 doados , a @USER tirar√° uma pe√ßa de roupa HTTPURL",hateSpeech,2
"@USER tem que fazer essa porra , s√≥ alandelon",neutral,0
que gripe fdp,offensive,1
rt @USER eae dia lindo p fuder doid√£o de lan√ßa,offensive,1
"rt @USER @USER olha eu at√© vou , por√©m se me chamar pra encher o cu de √°lcool num bar ou na casa de algu√©m , sou a primeira a c ...",offensive,1
"@USER nem me fala cara , macho √© tudo escroto jaguara bsjdbdjdbdj essa vida n√£o t√° f√°cil",offensive,1
"@USER eu tambem , olha a jules falando que ama a rue",neutral,0
rt @USER @USER @USER hahahahahahahahahah completamente bitolado . bolha fËåÖtida paulista . vcs nunca vËå´o manipular a histË¥∏ria !,hateSpeech,2
e o meu beirute que n√£o chega nesse caraio,offensive,1
"6 . Mudem a bancada de executivos da SM , pq do jeito que t√° vai falir , pq s√≥ tem tomado decis√£o merda . 7 . N√£o adianta brigarem entre si pq pensam diferente , pq no final das contas seus faves est√£o sendo prejudicados tbm . N√£o √© uma competi√ß√£o de quem sofre mais . :sinal_me_liga:",neutral,0
@USER e √© o russo de araraquara,hateSpeech,2
ai sinceramente vai pra casa do caralho,offensive,1
eu mando print pra namorada,neutral,0
"@USER Essa fase passou ! Foi no tempo em que o pt estava no poder e apoiava ditaduras sanguin√°rias : Angola , Cuba , Zimb√°bue , Venezuela , Congo , Guin√© Equatorial e Gab√£o . Realmente vou uma fase deprimente da nossa hist√≥ria . Por√©m estamos caminhando para reden√ß√£o . HTTPURL",hateSpeech,2
rt @USER @USER @USER #ditaduradostf √© o nosso pior pesadelo,neutral,0
rt @USER rola grossa & de ladinho ... piro apoio : @USER HTTPURL,offensive,1
rt @USER eu iria ficar um nojo rs HTTPURL,neutral,0
"cacetada bicho sai atrasado e esqueci de por o rel√≥gio , cada vez mais perdendo a civilidade",neutral,0
rt @USER essas menina do twiter que so fala de sexo e droga que ser conservadora quando o assunto e protituic√£o me poupe viu,offensive,1
o jisung eh mto viadinho,hateSpeech,2
@USER me chamou de corna cancela eu sendo boiola no tweet,hateSpeech,2
caracou eu to no doom viado,hateSpeech,2
rt @USER quero cu manauara . HTTPURL,offensive,1
"@USER pq √© mais f√°cil pra ele identificar como sendo um corpo estranho e tentar expulsar quando √© do sexo masculino , o do sexo feminino consegue ‚Äú disfar√ßar ‚Äù por mais tempo at√© o corpo da m√£e perceber e tentar expulsar dai ja ta mais desenvolvido e mais forte",neutral,0
nem conto as vezes que fui assediada em uber,hateSpeech,2
que absurdo .,neutral,0
@USER bicha kkkkkkkkk,hateSpeech,2
Essa √© a democracia e liberdade que a @USER e seu presidente @USER pregam ? @USER @USER @USER @USER @USER #STFVergonhaNacional HTTPURL,neutral,0
bicha :silhueta_falando: l√°grimas de sangue,hateSpeech,2
@USER Nossa que del√≠cia vou mamar voc√™ eu quero deixar seu corpo todo marcado e sua buceta toda vermelha e seu grelo todo esticadinho,offensive,1
"tenho do da menina que amar ele de verdade , e ele n√£o se permitir gostar dela por causa do que essa vaca fez com ele",hateSpeech,2
mlq s√£o jos√© dos campos est√° frio para um caralho ! e ainda por cima est√° chovendo e ventando .. minha sinusite t√° mt agradecida,offensive,1
"tem homem q √© um pau no c√∫ mesmo , vou te contar hummm :rosto_soltando_vapor_pelo_nariz: :rosto_soltando_vapor_pelo_nariz: :rosto_soltando_vapor_pelo_nariz:",offensive,1
caralho que √≥dio dessas esteiras de mala,neutral,0
"carai , juanfran fechou msm q porra √© isso",neutral,0
"como que fica sem maconha nesse tempo , maicon sumiu mulk fdp",offensive,1
a p√£o careca passando na telinha de vcs :rosto_nauseado: HTTPURL,hateSpeech,2
e os gays comemoram,hateSpeech,2
@USER eh muito cu muita buceta muita coxa muito corpooo,offensive,1
vai toma bo cu,offensive,1
@USER acabou regassando na dan√ßa e com a cara mo boaaa,neutral,0
river plate kkkkkkkkkk ‚Äî s√≥ pode ser mineiro kkkkkk paga d doido HTTPURL,hateSpeech,2
a√≠ bicha se decide logo pq t√° frio demais pra eu sair pra nada,hateSpeech,2
o cara trabalhando nego aloprando tnc,hateSpeech,2
lidar cmg realmente √© um caralho kkkkkkkkkkkkkkkkk fico de bobeira,neutral,0
pereto feio ‚Äì bafo de outro ( feat . nalchid ) [ prod . by jacksi ] HTTPURL HTTPURL,hateSpeech,2
"@USER t√¥ sossegado , s√≥ acho gra√ßa desses mnr cara kkkkkkk tem nem cu pra cagar",offensive,1
amy lee arrecada 800 d√≥lar com 30 shows em turn√™ com a banda evanescence,neutral,0
sulista n me dirige a palavra n√£o namoral,hateSpeech,2
"@USER calma , "" negro "" ? ? ?",hateSpeech,2
@USER vai ver era so um baiano eles chamam as pessoa de pai dan,hateSpeech,2
Viram isso @USER @USER @USER @USER A famÈìÜlia real brasileira foi citada pelo lobista ?,neutral,0
"rt @USER vem pra mata comigo , vou te mostrar meu pau brasil :berinjela: üáß üá∑ :fogo: :rosto_sorridente_com_3_cora√ß√µes: :rolando_no_ch√£o_de_rir: HTTPURL",offensive,1
melhoral,neutral,0
vou cozinhar hj q sdd q eu t√¥ de cozinhar puta merda,offensive,1
rt @USER @USER eu = boiola por sope demais HTTPURL,hateSpeech,2
"@USER eu falei q tava doente porra , bora pro arraia da facimed hj",offensive,1
5 dias sem tweetar no momento sou capaz de levitar objetos e explodir israel apenas usando a for√ßa do pensamento,hateSpeech,2
@USER tubar√£o / sc,neutral,0
aiaiaiaiai √© vendo umas coisas dessas que fico pensando se n e mais lucro virar piriguete kkkkkkkkkkkkkkkkkkk,hateSpeech,2
kkkkkkkkkkkkkkkkkkkkkkkkkkkkkkkknem tomei caf√© e minha namorda ja ta almo√ßando ozoto na internet,neutral,0
@USER @USER nao acredito que voce esta se doendo por uma garota estranha e alheia mano qual a pira ?,hateSpeech,2
"retiro oque eu disse , como o cara faz um √°lbum inteiro com a mesma melodia ? s√≥ tem umaaa m√∫sica que salva #TheMotion - espero pelo seu v√≠deo clip",neutral,0
@USER @USER AAAAAA PORAAAAA :rosto_chorando_aos_berros: :rosto_chorando_aos_berros: sapatao √© emocionada mas quando gosta minha filha ... olha esse casalzao amiga felicidades pra voc√™s :cora√ß√£o_vermelho: :cora√ß√£o_vermelho: :cora√ß√£o_vermelho:,hateSpeech,2
sei l√° o jeito que eu fico triste do nada √© diferente,neutral,0
"nova gera√ß√£o , hillsong e the send ! muita coisa pro meu cora√ß√£o :cora√ß√£o_vermelho:",neutral,0
"@USER porra , fala kkkkkkkkkkk",offensive,1
"@USER @USER caralho leo , vc fiËéΩo na letra em google ? obrigado por seu palabra do admiraËéΩao . boca ËåÖ ÁÖ§nico en libertadores .",neutral,0
@USER kkkkkkkkkk ah porra,offensive,1
"@USER mas a√≠ ele foi : moderno , ousado e viado ! ! ! :rolando_no_ch√£o_de_rir: :rolando_no_ch√£o_de_rir: :rolando_no_ch√£o_de_rir:",hateSpeech,2
@USER mas se vc some eu vou sentir falta,neutral,0
@USER a sorte dele e que n√£o foi um nordestino que lhe esfaqueou ! ! ! pois estes os cabras do nordeste n√£o erram ! ! !,hateSpeech,2
"rt @USER nem toda a gente que tu queres bem , querem te bem , fica atento",neutral,0
rt @USER @USER @USER rid√≠culo √© baixar a cabe√ßa p macho q se acha superior .,neutral,0
"vc n gosta de suju ? ‚Äî √© sobre o leeteuk ? eu me referia ao modo que o fandom trata o show do bts na arabia , como se super junior tivesse feito isso poss√≠vel ( ? ) e n√£o o esfor√ßo dos 7 , fora isso eu n√£o tenho nada contra eles HTTPURL",hateSpeech,2
a gente vai dar ol√© no crespo e vai pra praia simmm :rosto_mostrando_a_l√≠ngua: me solta porra,offensive,1
@USER j√° dei que voc√™ vai voltar arrastada pra casa kkk,hateSpeech,2
""" Eu n√£o sei por que essa gente tem tanto amor por ONGs estrangeiras . O Estado est√° aparelhado . N√£o temos preconceito contra ningu√©m , mas temos uma profunda repulsa por quem n√£o √© brasileiro ‚Äù . ( Jair Bolsonaro , na sua passagem r√°pida e conflituosa pela Bahia )",hateSpeech,2
"como dizem por a√≠ , to nem a√≠ pra porra nenhumaaaaa",neutral,0
"@USER olha o absurdo q vc pensa de mim , m√¥",neutral,0
viciado demais na m√∫sica da yasmin com a mar√≠lia pqp,offensive,1
"rt @USER anda do meu lado , ou fala mal de mim , os dois n√£o dar caralho",offensive,1
"@USER Eu n√£o nutro qualquer esperan√ßa de resolu√ß√£o desse caso do VerdeViado . J√° est√° patente que tanto PF quanto MPF est√£o aparelhados e a servi√ßo da ORCRIM . Isso tem um forte cheiro de EMBUSTE , tal qual ocorreu com o caso Ad√©lio , que agora se desenha o mesmo "" enrolation "" . Acorda POVO ! HTTPURL",hateSpeech,2
"pessoas : "" ainn mais t√° cedo pra come√ßar a beber "" eu : "" ta cedo pro povo comecar a me magoar e eu nao to falando nada caralho """,offensive,1
@USER tmj meu mano porra ontem nois foi a√≠ nem te achou em casa :cora√ß√£o_partido:,neutral,0
eu falando com a mo√ßa do laborat√≥rio : po mano marca esse bagulho a√≠ pra mim mesmo ... desliguei de tanta vergonha,neutral,0
"ele n√£o perde essa mania , coisa feia cr",neutral,0
viadinho branco fa de outlander criticando series negras talentosas que nao foram feitas pra ele HTTPURL,hateSpeech,2
"@USER fabio j√∫nior √© o famoso papa tudo , pqp , at√© a maria bet√¢nia ? corajoso ao extremo .",hateSpeech,2
gabriel ronca p caralho vtncxx,offensive,1
@USER caralho o frango √© de ouro ? ? ? :rosto_gritando_de_medo: passada com esse roubo ! ! !,offensive,1
"@USER porra t√¥ muito sad , voc√™ n√£o tinha esse direito :duende_japon√™s:",offensive,1
"@USER voc√™ chegou a ir em algum show ? meu primeiro show da vida foi deles , nunca vou esquecer os meus surtos pqp",neutral,0
"Todo fandom tem as pessoas ruins , as pessoas que criticam , que procuram briga por besteira , que jogam hate gratuito . Mas esse pr√™mio n√£o √© pra elas , √© para as pessoas que lutam pra cacete pra que seu √≠dolo consiga algo , para os f√£s que d√£o tudo para ajudar o √≠dolo . Entendam isso",offensive,1
militares britËäínicos tentam impedir rompimento de represa que pode inundarËÅΩcidade HTTPURL HTTPURL,neutral,0
quem quiser por a cachaËéΩa no cu vai poder eu hein vem perguntar antes nËå´o mata nËå´o,offensive,1
"@USER falar igual meu amigo rodsflora "" a que pinto chegamos ? """,offensive,1
@USER eu e matheus sempreeee pqp,neutral,0
acabou de passar um rato a 2 cm da minha cara aqui no alojamento . puta que pariu !,neutral,0
"@USER √© o pet da draculaura ( pesquisei pq fiquei confusa de ser a forma dela morcego ) a boneca preta da direita √© custom n existe isso ai , fake news",hateSpeech,2
caralho que susto viado,hateSpeech,2
eu mc saed fui da um rol√© com o amigo na comunidade chegando la ele me apresentou uma novinha,hateSpeech,2
@USER @USER @USER fanta laranja √© meia boca p caralho,offensive,1
Brotem na dm seus puto / RT :berinjela: @USER @USER @USER @USER @USER @USER @USER @USER @USER @USER @USER HTTPURL,offensive,1
@USER porra gabi compartilha a imagem com a genteeeew,neutral,0
"@USER se eu me convidar para ir √† sua casa comer o seu cu , seria indelicado da sua parte n√£o me receber ?",offensive,1
"sm minha linda a senhora ta apelando com esse novo bg n√© menina de cair o cu da bunda taemim , kai e baekhyun juntos mds",offensive,1
"@USER @USER @USER @USER porra , que ministro foda , tem de ficar uns 10 anos , vai asfaltar o atlantico",neutral,0
@USER O nosso refresco ËåÖ que Paulo Freire jË∞© entrou para a histË¥∏ria e lË∞© permanece queiram ou nËå´o . JË∞© esse ministro pouco serË∞© lembrado e com esse nome difÈìÜcil entËå´o,neutral,0
"rt @USER outros lugares : "" por coincidÈîöncia "" no paÈìÜs cearË∞© : "" parece uma coisa """,hateSpeech,2
@USER lhe darei mais vezes ent√£o,neutral,0
"guria perfeita , vtnc tb",offensive,1
"pelo menos temos qualidade de vida , saneamento b√°sico , idh e pib altos , j√° na regi√£o que tu baba ...",hateSpeech,2
rt @USER aposto 1 real que na sua casa tem uma sacola com um monte de sacolas dentro,neutral,0
dando oq recebo,neutral,0
"eu to chorando de √≥dio e tristeza . Como podem fazer isso com meu beb√™ ? mds mano q gente ruim eles n√£o merecem isso , nenhum artista merece HTTPURL",neutral,0
@USER √© uma palavra havaiana e quer dizer o que te lembra,neutral,0
desgra√ßado,offensive,1
"duda do jb ‚Äî amo conversa com ela , me faz rir demais m√≥ palha√ßa essa bixa HTTPURL",hateSpeech,2
caralho tandara #voleinaglobo HTTPURL,offensive,1
first q sim ponto eh isso e eh lixo mas oq tem a ve milita numa foto nada ve ? ? ?,hateSpeech,2
bugaram de awm em mim ! ! ! awm viado ! ! ! vtnc kkkkkkkkkkkkkkkkkkk,hateSpeech,2
"que final foda de stranger things , pqp",offensive,1
eu acordei me mexi e ainda t√¥ b√™bada puta que pariu,offensive,1
os caras n√£o brincam na miss√£o de construir o governo mais doentio poss√≠vel pqp,offensive,1
"o numero 1 √© o fato de eu ter q ir nesse sol do caraio comprar oito quilos de areia , aben√ßoa deux",neutral,0
@USER @USER a cultura √°rabe √© semelhante a conservadora brasileira . sorte que o ocidente barrou esse comportamento .,hateSpeech,2
@USER kkkkkkkkk saiii sapat√£o,hateSpeech,2
@USER Contra FATOS n√£o h√° argumentos : 7 meses de governo n√£o liberou rinha de galo n√£o conseguiu separar o sul do resto do Brasil n√£o anexou a guiana franc√™sa perdeu a bahia no truco pros sovi√©ticos e mato grosso pros alem√£es maior indice de kPoppers dos ultimos anos . üáß üá∑ :polegar_para_cima:,hateSpeech,2
rt @USER [ 3/8 13:37 ] bruninham√¥ : viro pau mandado [ 3/8 13:37 ] bruninham√¥ : escravoceta kkkkkkkkkkkkkkkk,offensive,1
cad√™ a considera√ß√£o que dizia ter por mim ? enfiou no cu ? ?,offensive,1
rt @USER @USER parab√©ns viado tmj,hateSpeech,2
"o pai dela s√≥ faz bosta e ela fica passando a m√£o na cabe√ßa , sendo que ele j√° foi um babaca at√© com ela",offensive,1
@USER enfia o dedo no cu e rasga kkk,offensive,1
"ja nao aguento mais esses friozao , pqp , s√≥ pelos calorao e ir pro alvaro",offensive,1
"mano sla , mina meio gay √© tipo aquela coisa de que falam seu namorado tem que ser meio viado pq mulher estere√≥tipada √© fodaman kkkkkkkkk",hateSpeech,2
HTTPURL mano essa musica da vontade de se apaixonar pqp,neutral,0
ai essa edi√ß√£o √© coisa mais lindo do mundo pqp olha isso,neutral,0
"gente eu preciso lavar esse cabelo , pqp",offensive,1
estou a ser for√ßada a ouvir asking alexandria e o meu eu de 12 anos is shaking,neutral,0
muleque que porra √© essa,offensive,1
"Lixo ! ! ! Este √© o n√≠vel dos artistas influenciadores q se vendem como intelectuais esquerdistas usando maliciosamente a sua popularidade para manipular incautos a acreditarem nas mentiras e invers√µes do imbecil coletivo , fazendo idiotas √∫teis repetirem suas macaquices :cabe√ßa_explodindo: :rosto_bizarro: :rosto_vomitando: HTTPURL",offensive,1
eu tenho que parar de ser uma otaria que faz de tudo pelos outros pq depois eu sou tomo no meu cu,offensive,1
"@USER @USER @USER Xiii ficou feio , duas canetas lindas . Mas repara que dps dele da a segunda caneta ele se jogou foi falta n√£o kkkkk sabia que ia chegar uma porrada dps do marcador malandro",offensive,1
@USER @USER @USER voc√™ deveria estar presa s√≥ pelo fato de defender bandido !,offensive,1
s√≥ idiota msm pra ir em uma porra dessa,offensive,1
"@USER @USER na moral , vai se foder",offensive,1
tambËåÖm sei tocar pandeiro nem por isso me acham deusa È¶ÉÊß∂,neutral,0
pode nem chamar o irm√£o de viado que ele ja quer me bater kkkkkk,hateSpeech,2
eu amo jennie kim p caralho,offensive,1
"que capa fulera , deveria ter colocado a imagem dela na prancha o disco eu gostei",neutral,0
@USER tira os pelos e a alma pq pqp emh q dor,offensive,1
"@USER depois est√° ai se lamentando , querendo entrar para academia dizendo que esta gorda kkk",offensive,1
to tentando igual uma filha da puta pra continuar essa amizade mas no,neutral,0
- vc √© de bras√≠lia ? - sou - ent√£o fala ‚Äú n√£o concordo ‚Äù - ah n√£o vei pqp,hateSpeech,2
rt @USER que viado chato,hateSpeech,2
"viado tem , tem umas mina no twitter que me fazem querer chorar ... pelos olhos mesmo , pq eu sou horr√≠vel dms",hateSpeech,2
rt @USER @USER falou o retardado que diz que o nazismo criou a aspirina,offensive,1
"porra cansei de ser o troxa q chega nos luga primeiro q os amigo , meu pau",offensive,1
@USER a bixa mais maravilhosa que terei a honra de receber,hateSpeech,2
"rt @USER √¥ √¥ √™ √™ , solta o maxi l√≥pez nessa porra !",offensive,1
"N√£o e por nada n√£o mas mulher parece que quanto mais vc caga pra ela mais ela te quer , quando vc quer tudo com ela a√≠ ela n√£o quer ? S√©rio da pra entender , depois faz text√£o no wpp falando que n√£o arruma ningu√©m , que todo mundo pisa , eu em",hateSpeech,2
@USER mano eu te amo e eh real,neutral,0
rt @USER o fracassado do mike will me bloqueou pq eu postei um video de um homem bala√ßando uma rola no post dele kkkkkk HTTPURL ...,offensive,1
acabou o psicol√≥gico do brasil,neutral,0
"que galera chata do caralho , reclamou desde o come√ßo por causa das camisetas mas n√£o foi atr√°s de fazer nada melhor . zzz",offensive,1
oow caralho,offensive,1
estampado no jornal toda hora todo estante patricinha sobe o morro s√≥ pra da pra traficante :nota_musical: :bandeira_triangular:,hateSpeech,2
rt @USER quem disse que uma gaja feia n√£o pode ter lomotif :rosto_nauseado: :brilhos: HTTPURL,hateSpeech,2
"@USER ‚Äú se a ofendida bebeu por conta pr√≥pria , dentro de seu livre arb√≠trio , n√£o pode ela ser colocada na posi√ß√£o de v√≠tima de abuso sexual pelo simples fato de ter bebido ‚Äù . Existem not√≠cias t√£o absurdas que as vezes questiono a veracidade da informa√ß√£o",hateSpeech,2
"@USER √© milt√£o , infelizmente essa emissora onde vc trabalha , est√° cheia deles , inclusive o patr√£o . essa band virou um lixo .",offensive,1
puta q pariu kkkkkkkkkk,offensive,1
"Desculpem mas assim n√£o √© bonito , pessoas t√™m que entender que l√° por ser grande n√£o significa que tem qualidade . Acho feio rabo assim HTTPURL",hateSpeech,2
rt @USER existem dois tipos de mulheres : as que me amam e as que n√£o me conhecem . *,hateSpeech,2
puta q pariu q c√≥lica do caralho √∫tero t√≥xico,offensive,1
nossa meta ainda estar de pËåÖ ? Èà• ÔøΩ tenho amnËåÖsia ! HTTPURL,neutral,0
"@USER @USER kkkkkkkkk aqui √© o twitter fdp burro . n√£o tem como dissertar , postular , defender teses ... fdp burro ! ! !",offensive,1
caso s√©rio de amor & √≥dio,neutral,0
"yas veio pro brasil ficou frio pra caralho , ela foi embora ficou calor pra caralho",offensive,1
voltei a falar com minha neguinha :cora√ß√£o_vermelho:,hateSpeech,2
@USER eu n√£o sei ... me incomoda de alguma forma mas n√£o sei o que √© :(,neutral,0
@USER s√©rio viado,hateSpeech,2
como √© q sai nesse frio se eu s√≥ tenho roupa de piriguete,hateSpeech,2
pegaria alguem do 2 do atomo ? ‚Äî n conhe√ßo ngm eu acho kakakaakk manda nome aii HTTPURL,neutral,0
rt @USER se prepara hyunjin vamo descer no soco desgra√ßado lindo do caralho vai se foder filho da puta eu te amo desgra√ßa HTTPURL ...,offensive,1
@USER grande china ... aquela do elefante no buraco da agulha foi foda n√© milit√£o ... abra√ßos ...,hateSpeech,2
@USER ah mas vai tnc man,offensive,1
@USER @USER t√° chegando tem 10 anos porra,offensive,1
lugar onde ngm usa seta do carro / moto,neutral,0
"rt @USER tem como n√£o , tucuru√≠ √© um cu mesmo",offensive,1
eu nem pensei antes de mandar pqp burra mesmo ne veikkkkkkkkk,neutral,0
amigo *,neutral,0
carioca √© isso,hateSpeech,2
""" Aquecimento global √© uma mentira ! "" ESTUDO A BASE DE YOUTUBE N√ÉO TE FAZ SABIO , TE FAZ SER UM IGNORANTE DE MERDA MESMO ! VAI ESTUDAR UMA PORRA DE UMA BIOLOGIA E F√çSICA",offensive,1
e eu que comprei um coturno preto e quando chegou na verdade era quase uma bota dessas de cowboy kfkskak pqp vou ter que usar essa merda agr,neutral,0
"@USER @USER mano olha essa pretinha , slc",hateSpeech,2
@USER GILMAR MENDES n√£o aceita ser investigado pela Receita . LEWANDOWSKI mandou prender um cr√≠tico no aeroporto . TOFFOLI inventa inqu√©rito para censurar redes . ALEXANDRE DE MORAES n√£o quer ningu√©m investigando o STF . √â A DITADURA DO JUDICI√ÅRIO ! Vamos aceitar ? #STFVergonhaNacional,neutral,0
porra nem vi que era pra tirar o capelo na hora da foto,offensive,1
"@USER @USER eu nada , fdp :rosto_implorando: :rosto_chorando_de_rir: :cora√ß√£o_vermelho:",offensive,1
@USER com certeza viado,hateSpeech,2
porra n√£o tenho paci√™ncia com meu pai n√£o namoral,offensive,1
"@USER Eu militei sobre isso . Todo mundo de qualquer fandom sexualiza seus idolos , TODO MUNDO , n√£o importa se √© gay ou hetero . Imagina coisas em sua mente , coisas obcenas ! Ai quando uma pessoa faz isso , fulanas e fulanos vai la e cai em cima matando . Hipocrisia que fala .",neutral,0
"porra , meu tt n√£o atualiza , fica aparecendo as mesmas coisas 500x",neutral,0
a mano sla dps desse video me deu vontade d gostar d algm ser√° q eh pedir mto,neutral,0
"@USER eu nunca fiz nada pelo RPG nacional viado tem q ser voc√™s os cara da drag√£o brasil n√£o eu ( o azecos n√£o da , 80 anos √© foda ficar viajando de avi√£o )",hateSpeech,2
rafaela voc√™ √© tudo pra mim caralho,neutral,0
Safado engoliu minha rola com vontade haha dao RT a√≠ safados e comenta quem quer fazer um amador cmg Haha @USER @USER @USER @USER @USER HTTPURL,offensive,1
gosto das pretinha com transas :rolando_no_ch√£o_de_rir: :rolando_no_ch√£o_de_rir:,hateSpeech,2
√© dos magrinho q elas gosta :rosto_babando: :rosto_de_gato_com_sorriso_ir√¥nico: :cabe√ßa_explodindo: HTTPURL,neutral,0
"A turma que come√ßou esta tag acho que o #STFVergonhaNacional porque quer julgar e afastar , muito justamente , Deltan . Essa gente gosta de ser burra ? N√£o entendem que esse cara prevaricou ? √â crime funcional , sujeito a condena√ß√£o e pena . V√£o estudar , bando de ignorantes .",offensive,1
"@USER carioca n√£o √© assaltado , carioca que rouba kkkkk local de fala .",hateSpeech,2
o jeito √© volta p face,neutral,0
"inferno n√£o me deixou dormir ? ? ? agora corre na porra , vai rodar at√© cansar fdp :rosto_chorando_de_rir: :rosto_chorando_de_rir: :rosto_chorando_de_rir: eu mesma na tpm",offensive,1
@USER eu seguia esse lixo aaaaaaaa,offensive,1
@USER ue o caralho spamando meme,offensive,1
resenha da p . a deu oq falar viado kkkkkkkkkk,hateSpeech,2
"@USER bicha , √© s√©rio ? hhahahahahaha",hateSpeech,2
rt @USER doida pra receber meu pg logo pqp,neutral,0
"at√© queria conversar , mas n√£o vou chamar dnv mesmo",neutral,0
rt @USER tu √© cearense ? sou sim ! pois fala ‚Äú est√° m√∫sica √© antiga ‚Äù ei man essa musica a√≠ √© das zanta,hateSpeech,2
toddy s√≥ faz eu passar vergonha kkkkkkkkkkkkk,hateSpeech,2
"rt @USER antes eu s√≥ o conhecia de ouvir falar , mas agora eu vejo o senhor com meus pr√≥prios olhos .",neutral,0
"ele ainda esperou o cara abrir a porta , puta neg√£o kkkkk",hateSpeech,2
"e ver isso ËåÖ triste , jË∞© que ela trabalhou muito para tar onde estË∞© e conquistou as coisas sozinha , e agora ver ela a ser resumida a macho , desanima",hateSpeech,2
@USER homem √© uma praga mesmo pqp,offensive,1
sotaque paulista √© muito chatooooooooooooo,hateSpeech,2
rt @USER eu n√£o to preparado pra voltar a ter aula e ter que atender todos os dias . eu vou chorar,neutral,0
o tipo de lomotif que eu quero fazer final do ano,neutral,0
comecei assistir vis a vis ontem e n√£o consigo mais parar ... pqp,offensive,1
"No comeËéΩo e sempre criticado , mais como Deus e tao bom e nËå´o dorme ajuda bastante e quando estË∞© fazendo sucesso , vem um monte cola do lado pra aproveitar tmb È¶É Óòæ HTTPURL",neutral,0
"VAMO VOTAR NO BTS , CARALHO ( N√ÉO IGNORA A PORRA DO TWEET ) COMENTEM : ~ O FANCHANT ~ 10 M√öSICAS DO BTS ~ O ALFABETO ~ O NOME DO SEU UTT COM AS TAGS : @USER #MPN #BoyWithLuv LEVANTA GAYS ! ! RT = UM VOTO HTTPURL",neutral,0
"Canad√° , Holanda , Estados Unidos , Uruguai etc ... mas no Brasil √© imoral , nocivo e prejudicial aos cidad√£os .. tnc nojo de tanto ot√°rio fazendo lei pra eles mesmos ..",offensive,1
rt @USER mulher de cabelo vermelho √© o capeta em forma de gente pra levar a gente fazer merda . HTTPURL,hateSpeech,2
a√≠ mano s√≥ por trocar uma ideia de milh√£o e f1 algu√©m se pronuncia carai,neutral,0
ainda debocha quando eu falo pra ir la bater um papinho com a minha psicologa que me confirmou que a depressao ta comendo meu cu de tal maneira que existem dias em que eu so quero dormir 13 horas direto e que isso √© um sintoma normal e nao vagabundagem,offensive,1
"rt @USER @USER @USER poxa sempre escrevi "" xing-ling """,hateSpeech,2
mas vc vai t√° morto seu retardado,offensive,1
namoral luhan oq custa tirar uma fotinha mano a mao vai cair por acaso ? ? ? idoso fodido HTTPURL,offensive,1
ta ficando com aql pretinho da quadrilha ? gracinha ta ‚Äî ele √© um pitel mesmo nurrr HTTPURL,hateSpeech,2
rt @USER 1 semana c dor de cabe√ßa 3 dias com √¢nsia se eu n fosse sapatao eu diria q estou gr√°vida,hateSpeech,2
hoje tem a festinha da minha pretinha :cora√ß√µes_girando:,hateSpeech,2
a melhor coisa do mundo √© ouvir todo tipo de musica pq eu literalmente tenho um estilo de musica p todos meus humores,neutral,0
@USER mimimimimimimimimimimimimimimimimimimimimimimimimi mimimimimimimimimimimimimimimimimimimimimimimimimi,neutral,0
"remediado , na maioria um ‚Äú lixo branco ‚Äù sem cultura e sem grandes esperan√ßas na vida , que , de repente , pode se ver como protagonista de alguma coisa . Ao se definir como conservador e de direita , se sente como algu√©m que ‚Äú protesta ‚Äù , um pequeno her√≥i , supostamente +",hateSpeech,2
@USER @USER @USER @USER aqui no sul a imprensa fala em flamengo x palmeiras,neutral,0
@USER vamo caraio,neutral,0
rt @USER eu amo esse fdp . √© isso . esse √© o tweet . j√° arrancou um sorriso do meu rosto quando acordei cedo em pleno s√°bado . htt ...,neutral,0
sim viado to precisando,hateSpeech,2
kkkkkkkkkkkkk q tapa na cara da sociedade,neutral,0
"@USER @USER Ahahah ! Viu como o Presidente foi recebido na Bahia ? N√£o sei porque o p√∫blico gritava : mito mito mito ... Mas segundo o DataFolha , o atual presidente do Brasil √© o poste e marmita de presidi√°rio , vulgo Haddad .",offensive,1
infelizmente kkkkk,neutral,0
se tem coisa mais intensa que sapat√£o eu desconhe√ßo totalmente ! kkkkkkk,hateSpeech,2
pqp q porraaaaa brasil . vira esse crl,neutral,0
"n gosta de ver foto minha fumando para de me seguir porra , pra que ficar falando merda",offensive,1
eu to chorando vei vsf e eu nem staneio izone nem nada HTTPURL,offensive,1
"@USER @USER @USER @USER @USER ele s√≥ pediu p ela aproveitar a juventude dela , sem milit√¢ncia caraio HTTPURL",offensive,1
gente eu n√£o suporto * * * f√£s chatos pra caralho,offensive,1
yoongi deve ser tao boiola com o taehyung eu juro pra vcs que eu sou soft por taegi mas eh um outro nivel de softness eu nao consigo nem explicsr HTTPURL,hateSpeech,2
puta palpitate,neutral,0
@USER me siga devolta n√£o bixa da cabe√ßona,hateSpeech,2
"rt @USER se fosse mulher feia tava tudo certo , mulher bonita mexe com meu cora√ß√£o",hateSpeech,2
"tava rindo de boa , a√≠ do nada lembrei dos trabalho fudido que tenho pra fazer , triste viu",offensive,1
@USER blinders * maldito corrector hahahahh bl√≠ndela,neutral,0
[ 3/8 12:11 ] Juliana Meloni : ELA TA PERTUBADA [ 3/8 12:15 ] Tia Ana : Eles t√™m que tomar no cu . [ 3/8 12:17 ] Juliana Meloni : s√≥ pode ser ciume tia [ 3/8 12:19 ] Tia Ana : Foda-se . A TIA QUE EU VENERO KKKKKKK,offensive,1
@USER minoria que ganhou a elei√ß√£o ? ? ? jornalista militante al√©m de tudo √© burro .,offensive,1
"mano , a galera anda com o cu muito frouxo , ontem no conv√©s n√£o paravam de peidar",offensive,1
carai acho que agora da pra ve quem ta online no tt,offensive,1
que desgra√ßado cara,offensive,1
"@USER 27 concelleiros , 27 eventuais e , en breve , 4 ou 5 directores xerais , pese a ter externalizados os servizos mais complexos ( lixo , auga e axuda no fogar ) . 60 personas para a xesti√≥n pol√≠tica dun concello de 100mil habs . Non sei se o consello da Xunta ter√° tanta xente chupando do bote",offensive,1
acabou de publicar uma foto em maca√© HTTPURL,neutral,0
rt @USER ontem eu n tirei uma foto descente com a carou q √≥dio viado kkkk,hateSpeech,2
cada dia eu percebo que sou muito mais feia do que eu pensava,hateSpeech,2
"@USER @USER olha quem fala , lixo",offensive,1
@USER casal que fica boiolando 24h por dia certeza,hateSpeech,2
@USER sai que voc√™ √© feio caio,offensive,1
"ele tem raz√£o , flamenguista √© nojento demais .. ainda bem que sou",neutral,0
@USER @USER na hora de generalizar bandido n pode ... se n√£o fica feio na hora de comprar maconha,neutral,0
"a √∫ltima vez que fui ao cinema , foi pra ver toy story , e meu crush que pagou , embora eu tenha ficado com vergonha .",neutral,0
"@USER vc tamb√©m , mesmo sendo um baiano HTTPURL",hateSpeech,2
√≥bvio porra,offensive,1
as do futebol italiano continuam todas lindas menos a do napoli puta merda,offensive,1
"@USER sim eu stalkeei em todos os tweets at√© essa semana ele se trata como no masculino , nunca fez nenhum tweet falando sobre ser trans e nada sobre o assunto tbm , e tbm li falando q ja √© a terceira vez q ele muda o nome e faz tweet mentiroso p levar rt",hateSpeech,2
@USER fora que esse alarme s√≥ funciona se o estupro for no meio da pra√ßa de alimenta√ß√£o do shopping .,neutral,0
"+ 1 gol , boa irm√£o üáæ üá™ üáæ üá™",neutral,0
eu t√¥ at√© agora indignada com a retardada na minha tml dizendo que a leigh-anne n√£o poderia fazer a diana por ter um dom mais claro que o da personagem ? ? vei n deixa de ser negra ne,hateSpeech,2
ela faz isso todo fds,neutral,0
"rt @USER a melhor de todas , finalmente recebeu the recognition que merece ÈâÇ„ÇèÁ¨ç HTTPURL",neutral,0
@USER corre que o corno ta puto kkkkkk,offensive,1
s√≥ queria sair hoje pqp,neutral,0
e o jungkook que de noite tava performando rainism e de manh√£ tava indo pra escola com o seu uniforme amarelo como se nada tivesse acontecido HTTPURL,hateSpeech,2
"minha namorada chegou aqui e simplesmente foi dormir , mas eu tava com tanta saudade da bichinha que t√¥ nem ligando de ficar s√≥ quietinha do lado dela deixando ela dormindo",neutral,0
"eu pago oq for preciso , mas eu quero essa parada",neutral,0
as bichinha chorando eu choro junto,hateSpeech,2
f√£ gringo : eu conheci a taylor swift . fui na secret session eu : HTTPURL,hateSpeech,2
"@USER @USER quem aqui falou em pol√≠tica , mongoloide ?",offensive,1
"@USER @USER @USER kkkkkkkkk bem tua carinha , sua babaca",offensive,1
@USER bixa kkkk no clube portugu√™s 7 de setembro,hateSpeech,2
rt @USER mlk jogou pra caralho ! HTTPURL,offensive,1
n√£o tem hora e nem lugar pau quebra .. :soco:,neutral,0
rt @USER vi√°rios furos na orelha √© lindo e s√≥ minha opini√£o importa HTTPURL,neutral,0
credo como as pessoas s√£o mal amadas,offensive,1
rt @USER pq meu interesse passa t√£o r√°pido ?,hateSpeech,2
postei uma foto com rayssa e meu tio me chamou de sapat√£o :rolando_no_ch√£o_de_rir: :rolando_no_ch√£o_de_rir: :rolando_no_ch√£o_de_rir:,neutral,0
"O gay do meu primo ontem assistiu vingadores na tv da casa da minha tia e nem me chamou , mesmo que eu n√£o iria pq estava ocupada poderia ter me chamado n√©",hateSpeech,2
rt @USER sem novidade ficar retardado em mais uma festa da lais,neutral,0
"o paulo chegou aqui em caaa falando que tava com saudade me deu um abra√ßo e um beijo na cabe√ßa e depois falou "" macaca "" de lei n√©",hateSpeech,2
8 demais porra,offensive,1
@USER kris e loes princesas :cora√ß√£o_vermelho: o resto √© ca√ßamba de lixo,neutral,0
@USER o meu pau rosinha ai dentro da sua bucetinha :rosto_sorridente_com_chifres:,offensive,1
@USER ËåÖ sËåÖrio viadao kkkjjkkkk,hateSpeech,2
"rt @USER agrade√ßo a deus pela vida dos meus coroas , sem eles eu n seria porra nenhuma :marca_de_sele√ß√£o_branca: :cora√ß√£o_vermelho: :m√£os_juntas:",offensive,1
"@USER meu atual cep n ËåÖ justificativa pra tu ficar passando pano pra branco otË∞©rio . vai ouvir outra porra mlq , abraËéΩo",hateSpeech,2
"rt @USER volta aqui f√©rias , porra",neutral,0
rt @USER @USER kkkkkkkkkkkkkkkkkkk puto na raz√£o dele,neutral,0
"rt @USER mas nem precisa de tutorial pra isso , √© tipo lei feminina do bom senso kkkk HTTPURL",neutral,0
"Dani cuidava dos calouros , puxou v√°rios papos comigo , mas achei que ela s√≥ tava sendo simp√°tica rs no dia da matr√≠cula , ela me veio com essa plaquinha e s√≥ achei engra√ßadinho , sem entender a indireta rs ainda bem que ela insistiu na lerdeza e tamos juntas h√° 4.4 bem sapatonas HTTPURL",hateSpeech,2
"@USER essa da gol aaaaaaa porra , tem uma do o botic√°rio qu√™ √© sobre ado√ß√£o ... as l√°grimas rolam",offensive,1
eu : decide que vai seguir a faculdade com mais calma e fazer o curso em 6 anos no lugar de 5 tamb√©m eu : quer atolar o semestre de cr√©dito e fazer uma porrada de coisa ai gente alguem apaga esse fogo no cu pqp,neutral,0
"@USER URGENTE ! Glenn Greenwald Acaba de de ser decretada pris√£o preventiva ! ! A pol√≠cia Federal acaba de impedir o jornalista Glenn Greenwald de sair do pa√≠s . J√° teria despachado as malas pela American Airlines , no guich√™ de check-in foi barrado pelos policiais e encaminhado ?",hateSpeech,2
@USER quem tem cu tem medooo ou est√° pedindo visto pro usa,offensive,1
@USER @USER sou boiola por vcs @USER,hateSpeech,2
"rt @USER eu sou feio , pobre , gordo , ansioso , inseguro , lerdinho , mermao , eu sou um merda",offensive,1
"rt @USER se √© comigo j√° viro dando um soco , do jeito que sou chata pra caralho kkkkkkk HTTPURL",neutral,0
"@USER n√£o tomo no cu , tomo no copo",offensive,1
"bertolossi tava felizao com a festa lotada , vagabundo conseguiu acabar com a festa dele :pessoa_decepcionada: :pele_morena: ‚Äç :s√≠mbolo_de_masculino:",offensive,1
me sentindo feia at√© quando eu me arrumo,neutral,0
rt @USER as vezes o ff √© rid√≠culo da nem vontade de jogar mais,offensive,1
ae porra caralho conseguimos cacete,offensive,1
@USER @USER @USER @USER @USER O cara cai acabar com a gra√ßa dos rivais em chamar S√£o paulino de bambi,hateSpeech,2
sou sulista e odeio sulista mas nosso sotaque √© lindo,hateSpeech,2
@USER hahahahahaha n√£o essa fia da puta ainda me perturba,offensive,1
rt @USER pq t√° todo mundo incomodado pq tomei 500ml de a√ßa√≠ no cu da manh√£ ?,offensive,1
@USER @USER flamengo vai comprar .,neutral,0
rt @USER :rosto_sorridente_com_chifres: voltei :rosto_sorridente_com_chifres: e voltei gozando carai :rosto_chorando_de_rir: :rolando_no_ch√£o_de_rir: :xis: quero v√°rios rt :xis: HTTPURL,offensive,1
"@USER o mais engraËéΩado ainda ËåÖ que tem gente que tipo , usa mesmo",neutral,0
@USER peti√ß√£o pra proibir sulista de dan√ßar brega funk,hateSpeech,2
hoje ela pode se achar muito simm !,neutral,0
"t√° me espionando ? mas sim , ele mereceu mesmo",neutral,0
"maltinha √© abrirem o link e meter like , bora bora bora",neutral,0
agora que eu vi que o jaemin enfiou uma arma no cu do renjun meu pai amado kkkkjkjkkkkkkkkkkkkk HTTPURL,offensive,1
rt @USER @USER sem gra√ßa :rosto_com_olhos_revirados:,neutral,0
"@USER @USER @USER @USER @USER t√° nervosa biba ? eu s√≥ falei um fato , n√£o h√° discuss√£o kk",hateSpeech,2
@USER o c√©rebro desse babaca quando v√™ que o mlq n√£o abaixou a cabe√ßa HTTPURL,offensive,1
[ 3/8 12:17 ] Diego Euthalio : Qual foi quebra mola [ 3/8 12:18 ] Diego Euthalio : brota no ti Bel√©m beber um wiskyz [ 3/8 12:20 ] Jota : Porra uma hora dessa [ 3/8 12:21 ] Diego Euthalio : Qqr hora √© hora Kk [ 3/8 12:23 ] Jota : Brinca muito daqui a pouco eu broto,neutral,0
@USER @USER labkdjsldjalkdlajxlskxjslxhso ai caralho eu s√≥ queria saber como era sentir isso pelo menos uma vez na vidaaaaaa,offensive,1
rt @USER jungkook e jimin andando por tokyo espalhando muito amor e viadagem por onde passam HTTPURL,hateSpeech,2
Foi legal essa vit√≥ria sofrida do Santa ... mas n√£o anula o jogo feio que foi . N√£o anula essa campanha med√≠ocre . N√£o anula a falta de vit√≥rias descendentes .,offensive,1
rt @USER @USER logo passa,neutral,0
toda vez q esse video passa na minha tl eu sou obrigada a ver inteiro e eu comeco a rir sempre,neutral,0
"pegar no topo , na prosperidade , com tudo dentro e na moleza qualquer uma se prontifica a se oferecer ! raro mesmo √© agarrar com garras e unhas quando o companheiro n√£o tem nada , quando o companheiro come√ßa no zero e muito menos quando ta sem um Puto no bolso :rosto_beijando_com_olhos_fechados: :sinal_de_ok:",hateSpeech,2
@USER dani vai ser pd no time dos biba ... chegou chegando de salto :sapato_de_salto_alto: ...,hateSpeech,2
eu olhei pra ela e gritei : anjaaa,neutral,0
@USER todo mundo sabe que o viado √© o gay escandaloso,hateSpeech,2
"n√£o me arrependo de nada , tudo que fiz me trouxe algo , se n√£o foi felicidade pra caralho , foi aprendizado de sobra",offensive,1
senhor me d√™ paci√™ncia pq se me der for√ßa eu mato a minha irm√£,neutral,0
:canecas_de_cerveja: :confete: Dia 10 de AGOSTO tem ALOHA ! ! :confete: :canecas_de_cerveja: :banheiro_feminino: 0800 MULHER ( at√© 18 hrs ) :banheiro_masculino: 5 $ HOMEM ( at√© 18 hrs ) Top Djs : Dj Denilson do Chapad√£o Dj Juninho da vint√©m Dj 2g Dj Biel do Furduncinho Dj Jotac√™ do Salgueiro + tops DJs Local : piscina do bangu @USER HTTPURL,hateSpeech,2
@USER doria √© um pilantra ! o novo a√©cio neves !,offensive,1
queimei meu game pqp queda de energia tu me fodeu,offensive,1
"me perdoe os demais , ËåÖ sË¥∏ eu que acho que a ludmilla "" virou sapatao "" pra causar polÈîömica ?",hateSpeech,2
meu deus do c√©u eu t√¥ cansada d + passando pano nessa casa puta que pariu parece que corri uma maratona,offensive,1
@USER @USER minha amiga √© igual a voc√™ s√≥ que morena ! haha HTTPURL,hateSpeech,2
"@USER u√© , mas esse refrigerante n√£o √© do rj ?",hateSpeech,2
chegarem a coma alco√≥lica √© s√≥ est√∫pido,neutral,0
rt @USER botei ketchup na pizza ! cadÈîö quem ËåÖ o paulista que eu tenho que sair no soco È¶ÉÊÜ†È¶ÉÊÜ†,hateSpeech,2
brother t√° frio pra um senhor caralho,offensive,1
"rt @USER como √© que √© suposto algu√©m com o ordenado m√≠nimo conseguir pagar casa , √°gua , luz , carro , comprar comida ? porra",neutral,0
rt @USER fluxouuuu open bar pra elas ! :fogo: chama na dm pra colocar nome na lista do open ! :globo_mostrando_as_am√©ricas: HTTPURL,hateSpeech,2
"@USER caralho , colocar pato ai chega a ser engra√ßado kkkkk",offensive,1
"@USER @USER viado e rebaixado pra s√©rie c n√£o tem vez aqui , irm√£o kkkkkkkkk",hateSpeech,2
chocolate negro o nada .,hateSpeech,2
√∫nica diferen√ßa entre mim e post malone √© que aqui o a vem antes do l,neutral,0
mexe com tudo menos com a porra da minha comidinha cara,neutral,0
ai olha 0 condi√ßoes e 0 considera√ßao vontade de meter o murro no meio da fu√ßa,offensive,1
@USER teu cu fdp,offensive,1
vou deixar de fazer meu cabelo pra concertar meu telefone de nv :rosto_com_olhos_revirados:,neutral,0
@USER koe viado divulga nois kkkk HTTPURL,hateSpeech,2
shawn mendes eh homofobico pq ja deixou claro que n√£o eh gay cancelem essa aberra√ß√£o :rosto_furioso:,offensive,1
rt @USER coitada da mina q teve a bunda reduzida kkkkkkkk HTTPURL,offensive,1
a ultima foto :rosto_chorando_aos_berros: :rosto_chorando_aos_berros: :rosto_chorando_aos_berros: to mt boiola,hateSpeech,2
@USER @USER esse √© um ladr√£o vagabundo,offensive,1
"rt @USER a vida n√£o √© tudubom maravilha , mas a gente luta pra caralho para que ela seja um dia .",neutral,0
